{"stats":{"minecraft:picked_up":{"minecraft:birch_log":1,"minecraft:allium":1,"minecraft:wheat_seeds":2,"minecraft:white_tulip":1},"minecraft:custom":{"minecraft:time_since_rest":4510,"minecraft:crouch_one_cm":67,"minecraft:play_time":4510,"minecraft:sprint_one_cm":5721,"minecraft:damage_taken":180,"minecraft:walk_one_cm":18871,"minecraft:sneak_time":156,"minecraft:walk_under_water_one_cm":18049,"minecraft:jump":54,"minecraft:leave_game":1,"minecraft:time_since_death":4510,"minecraft:walk_on_water_one_cm":2636,"minecraft:total_world_time":4510,"minecraft:swim_one_cm":6915,"minecraft:fall_one_cm":1045,"minecraft:fly_one_cm":12063},"minecraft:used":{"minecraft:white_tulip":1,"minecraft:birch_log":1,"minecraft:allium":1},"minecraft:mined":{"minecraft:grass":11,"minecraft:allium":1,"minecraft:birch_log":1,"minecraft:tall_grass":1,"minecraft:white_tulip":1}},"DataVersion":3465}